<?xml version="1.0" encoding="UTF-8"?>
<fields>
    <field index="0">0</field>
    <field index="1">0</field>
    <field index="2">0</field>
    <field index="3">0</field>
    <field index="4">0</field>
    <field index="5">10</field>
    <field index="6">-1</field>
    <field index="7">0</field>
    <field index="8">0</field>
    <field index="9">0</field>
    <field index="10">0</field>
    <field index="11">0</field>
    <field index="12">0</field>
    <field index="13">0</field>
    <field index="14">-1</field>
    <field index="15">0</field>
    <field index="16">0</field>
    <field index="17">0</field>
    <field index="18">0</field>
    <field index="19">0</field>
    <field index="20">0</field>
    <field index="21">-1</field>
    <field index="22">0</field>
    <field index="23">0</field>
    <field index="24">1</field>
    <field index="25">0</field>
    <field index="26">0</field>
    <field index="27">0</field>
    <field index="28">-1</field>
    <field index="29">0</field>
    <field index="30">0</field>
    <field index="31">0</field>
    <field index="32">0</field>
    <field index="33">0</field>
    <field index="34">-1</field>
    <field index="35">-1</field>
    <field index="36">-1</field>
    <field index="37">0</field>
    <field index="38">0</field>
    <field index="39">-1</field>
    <field index="40">-1</field>
    <field index="41">-1</field>
    <field index="42">-1</field>
    <field index="43">-1</field>
    <field index="44">0</field>
    <field index="45">0</field>
    <field index="46">-1</field>
    <field index="47">-1</field>
    <field index="48">-1</field>
    <gold>0</gold>
    <wood>0</wood>
    <workers>5</workers>
</fields>
