<?xml version="1.0" encoding="utf-8"?>
<fields>
    <field index = "0">0</field>
    <field index = "1">0</field>
    <field index = "2">0</field>
    <field index = "3">0</field>
    <field index = "4">0</field>
    <field index = "5">10</field>
    <field index = "6">-1</field>

    <field index = "7">0</field>
    <field index = "8">0</field>
    <field index = "9">0</field>
    <field index = "10">0</field>
    <field index = "11">0</field>
    <field index = "12">0</field>
    <field index = "13">0</field>

    <field index = "14">-1</field>
    <field index = "15">0</field>
    <field index = "16">0</field>
    <field index = "17">0</field>
    <field index = "18">0</field>
    <field index = "19">0</field>
    <field index = "20">0</field>

    <field index = "21">-1</field>
    <field index = "22">0</field>
    <field index = "23">0</field>
    <field index = "24">1</field>
    <field index = "25">0</field>
    <field index = "26">0</field>
    <field index = "27">0</field>

    <field index = "28">-1</field>
    <field index = "29">0</field>
    <field index = "30">0</field>
    <field index = "31">0</field>
    <field index = "32">0</field>
    <field index = "33">0</field>
    <field index = "34">-1</field>

    <field index = "35">-1</field>
    <field index = "36">-1</field>
    <field index = "37">0</field>
    <field index = "38">0</field>
    <field index = "39">-1</field>
    <field index = "40">-1</field>
    <field index = "41">-1</field>

    <field index = "42">-1</field>
    <field index = "43">-1</field>
    <field index = "44">0</field>
    <field index = "45">0</field>
    <field index = "46">-1</field>
    <field index = "47">-1</field>
    <field index = "48">-1</field>

    <working index = "0">0</working>
    <working index = "1">0</working>
    <working index = "2">0</working>
    <working index = "3">0</working>
    <working index = "4">0</working>
    <working index = "5">0</working>
    <working index = "6">0</working>

    <working index = "7">0</working>
    <working index = "8">0</working>
    <working index = "9">0</working>
    <working index = "10">0</working>
    <working index = "11">0</working>
    <working index = "12">0</working>
    <working index = "13">0</working>

    <working index = "14">0</working>
    <working index = "15">0</working>
    <working index = "16">0</working>
    <working index = "17">0</working>
    <working index = "18">0</working>
    <working index = "19">0</working>
    <working index = "20">0</working>

    <working index = "21">0</working>
    <working index = "22">0</working>
    <working index = "23">0</working>
    <working index = "24">0</working>
    <working index = "25">0</working>
    <working index = "26">0</working>
    <working index = "27">0</working>

    <working index = "28">0</working>
    <working index = "29">0</working>
    <working index = "30">0</working>
    <working index = "31">0</working>
    <working index = "32">0</working>
    <working index = "33">0</working>
    <working index = "34">0</working>

    <working index = "35">0</working>
    <working index = "36">0</working>
    <working index = "37">0</working>
    <working index = "38">0</working>
    <working index = "39">0</working>
    <working index = "40">0</working>
    <working index = "41">0</working>

    <working index = "42">0</working>
    <working index = "43">0</working>
    <working index = "44">0</working>
    <working index = "45">0</working>
    <working index = "46">0</working>
    <working index = "47">0</working>
    <working index = "48">0</working>


    <gold>0</gold>
    <wood>0</wood>
    <workers>5</workers>

    <save index="0">save1</save>
</fields>


